[{"model": "admin.logentry", "pk": 1, "fields": {"action_time": "2025-08-19T10:55:43.074Z", "user": 1, "content_type": 12, "object_id": "2", "object_repr": "Marketing", "action_flag": 1, "change_message": "[{\"added\": {}}]"}}, {"model": "admin.logentry", "pk": 2, "fields": {"action_time": "2025-08-19T10:55:54.673Z", "user": 1, "content_type": 13, "object_id": "2", "object_repr": "VAS (Marketing)", "action_flag": 1, "change_message": "[{\"added\": {}}]"}}, {"model": "admin.logentry", "pk": 3, "fields": {"action_time": "2025-08-19T10:57:16.619Z", "user": 1, "content_type": 14, "object_id": "2", "object_repr": "isaac.essoun", "action_flag": 1, "change_message": "[{\"added\": {}}]"}}, {"model": "admin.logentry", "pk": 4, "fields": {"action_time": "2025-08-21T09:23:58.868Z", "user": 1, "content_type": 7, "object_id": "38", "object_repr": "Zuri Solutions Limited", "action_flag": 2, "change_message": "[{\"changed\": {\"fields\": [\"Created by\"]}}]"}}, {"model": "admin.logentry", "pk": 5, "fields": {"action_time": "2025-08-21T09:28:41.798Z", "user": 1, "content_type": 13, "object_id": "3", "object_repr": "idd (Marketing)", "action_flag": 1, "change_message": "[{\"added\": {}}]"}}, {"model": "admin.logentry", "pk": 6, "fields": {"action_time": "2025-08-21T09:29:31.417Z", "user": 1, "content_type": 14, "object_id": "3", "object_repr": "aziza.yunus", "action_flag": 1, "change_message": "[{\"added\": {}}]"}}, {"model": "auth.permission", "pk": 1, "fields": {"name": "Can add log entry", "content_type": 1, "codename": "add_logentry"}}, {"model": "auth.permission", "pk": 2, "fields": {"name": "Can change log entry", "content_type": 1, "codename": "change_logentry"}}, {"model": "auth.permission", "pk": 3, "fields": {"name": "Can delete log entry", "content_type": 1, "codename": "delete_logentry"}}, {"model": "auth.permission", "pk": 4, "fields": {"name": "Can view log entry", "content_type": 1, "codename": "view_logentry"}}, {"model": "auth.permission", "pk": 5, "fields": {"name": "Can add permission", "content_type": 2, "codename": "add_permission"}}, {"model": "auth.permission", "pk": 6, "fields": {"name": "Can change permission", "content_type": 2, "codename": "change_permission"}}, {"model": "auth.permission", "pk": 7, "fields": {"name": "Can delete permission", "content_type": 2, "codename": "delete_permission"}}, {"model": "auth.permission", "pk": 8, "fields": {"name": "Can view permission", "content_type": 2, "codename": "view_permission"}}, {"model": "auth.permission", "pk": 9, "fields": {"name": "Can add group", "content_type": 3, "codename": "add_group"}}, {"model": "auth.permission", "pk": 10, "fields": {"name": "Can change group", "content_type": 3, "codename": "change_group"}}, {"model": "auth.permission", "pk": 11, "fields": {"name": "Can delete group", "content_type": 3, "codename": "delete_group"}}, {"model": "auth.permission", "pk": 12, "fields": {"name": "Can view group", "content_type": 3, "codename": "view_group"}}, {"model": "auth.permission", "pk": 13, "fields": {"name": "Can add user", "content_type": 4, "codename": "add_user"}}, {"model": "auth.permission", "pk": 14, "fields": {"name": "Can change user", "content_type": 4, "codename": "change_user"}}, {"model": "auth.permission", "pk": 15, "fields": {"name": "Can delete user", "content_type": 4, "codename": "delete_user"}}, {"model": "auth.permission", "pk": 16, "fields": {"name": "Can view user", "content_type": 4, "codename": "view_user"}}, {"model": "auth.permission", "pk": 17, "fields": {"name": "Can add content type", "content_type": 5, "codename": "add_contenttype"}}, {"model": "auth.permission", "pk": 18, "fields": {"name": "Can change content type", "content_type": 5, "codename": "change_contenttype"}}, {"model": "auth.permission", "pk": 19, "fields": {"name": "Can delete content type", "content_type": 5, "codename": "delete_contenttype"}}, {"model": "auth.permission", "pk": 20, "fields": {"name": "Can view content type", "content_type": 5, "codename": "view_contenttype"}}, {"model": "auth.permission", "pk": 21, "fields": {"name": "Can add session", "content_type": 6, "codename": "add_session"}}, {"model": "auth.permission", "pk": 22, "fields": {"name": "Can change session", "content_type": 6, "codename": "change_session"}}, {"model": "auth.permission", "pk": 23, "fields": {"name": "Can delete session", "content_type": 6, "codename": "delete_session"}}, {"model": "auth.permission", "pk": 24, "fields": {"name": "Can view session", "content_type": 6, "codename": "view_session"}}, {"model": "auth.permission", "pk": 25, "fields": {"name": "Can add vendor", "content_type": 7, "codename": "add_vendor"}}, {"model": "auth.permission", "pk": 26, "fields": {"name": "Can change vendor", "content_type": 7, "codename": "change_vendor"}}, {"model": "auth.permission", "pk": 27, "fields": {"name": "Can delete vendor", "content_type": 7, "codename": "delete_vendor"}}, {"model": "auth.permission", "pk": 28, "fields": {"name": "Can view vendor", "content_type": 7, "codename": "view_vendor"}}, {"model": "auth.permission", "pk": 29, "fields": {"name": "Can add service", "content_type": 8, "codename": "add_service"}}, {"model": "auth.permission", "pk": 30, "fields": {"name": "Can change service", "content_type": 8, "codename": "change_service"}}, {"model": "auth.permission", "pk": 31, "fields": {"name": "Can delete service", "content_type": 8, "codename": "delete_service"}}, {"model": "auth.permission", "pk": 32, "fields": {"name": "Can view service", "content_type": 8, "codename": "view_service"}}, {"model": "auth.permission", "pk": 33, "fields": {"name": "Can add document", "content_type": 9, "codename": "add_document"}}, {"model": "auth.permission", "pk": 34, "fields": {"name": "Can change document", "content_type": 9, "codename": "change_document"}}, {"model": "auth.permission", "pk": 35, "fields": {"name": "Can delete document", "content_type": 9, "codename": "delete_document"}}, {"model": "auth.permission", "pk": 36, "fields": {"name": "Can view document", "content_type": 9, "codename": "view_document"}}, {"model": "auth.permission", "pk": 37, "fields": {"name": "Can add contact", "content_type": 10, "codename": "add_contact"}}, {"model": "auth.permission", "pk": 38, "fields": {"name": "Can change contact", "content_type": 10, "codename": "change_contact"}}, {"model": "auth.permission", "pk": 39, "fields": {"name": "Can delete contact", "content_type": 10, "codename": "delete_contact"}}, {"model": "auth.permission", "pk": 40, "fields": {"name": "Can view contact", "content_type": 10, "codename": "view_contact"}}, {"model": "auth.permission", "pk": 41, "fields": {"name": "Can add contract", "content_type": 11, "codename": "add_contract"}}, {"model": "auth.permission", "pk": 42, "fields": {"name": "Can change contract", "content_type": 11, "codename": "change_contract"}}, {"model": "auth.permission", "pk": 43, "fields": {"name": "Can delete contract", "content_type": 11, "codename": "delete_contract"}}, {"model": "auth.permission", "pk": 44, "fields": {"name": "Can view contract", "content_type": 11, "codename": "view_contract"}}, {"model": "auth.permission", "pk": 45, "fields": {"name": "Can add department", "content_type": 12, "codename": "add_department"}}, {"model": "auth.permission", "pk": 46, "fields": {"name": "Can change department", "content_type": 12, "codename": "change_department"}}, {"model": "auth.permission", "pk": 47, "fields": {"name": "Can delete department", "content_type": 12, "codename": "delete_department"}}, {"model": "auth.permission", "pk": 48, "fields": {"name": "Can view department", "content_type": 12, "codename": "view_department"}}, {"model": "auth.permission", "pk": 49, "fields": {"name": "Can add unit", "content_type": 13, "codename": "add_unit"}}, {"model": "auth.permission", "pk": 50, "fields": {"name": "Can change unit", "content_type": 13, "codename": "change_unit"}}, {"model": "auth.permission", "pk": 51, "fields": {"name": "Can delete unit", "content_type": 13, "codename": "delete_unit"}}, {"model": "auth.permission", "pk": 52, "fields": {"name": "Can view unit", "content_type": 13, "codename": "view_unit"}}, {"model": "auth.permission", "pk": 53, "fields": {"name": "Can add user", "content_type": 14, "codename": "add_user"}}, {"model": "auth.permission", "pk": 54, "fields": {"name": "Can change user", "content_type": 14, "codename": "change_user"}}, {"model": "auth.permission", "pk": 55, "fields": {"name": "Can delete user", "content_type": 14, "codename": "delete_user"}}, {"model": "auth.permission", "pk": 56, "fields": {"name": "Can view user", "content_type": 14, "codename": "view_user"}}, {"model": "contenttypes.contenttype", "pk": 1, "fields": {"app_label": "admin", "model": "logentry"}}, {"model": "contenttypes.contenttype", "pk": 2, "fields": {"app_label": "auth", "model": "permission"}}, {"model": "contenttypes.contenttype", "pk": 3, "fields": {"app_label": "auth", "model": "group"}}, {"model": "contenttypes.contenttype", "pk": 4, "fields": {"app_label": "auth", "model": "user"}}, {"model": "contenttypes.contenttype", "pk": 5, "fields": {"app_label": "contenttypes", "model": "contenttype"}}, {"model": "contenttypes.contenttype", "pk": 6, "fields": {"app_label": "sessions", "model": "session"}}, {"model": "contenttypes.contenttype", "pk": 7, "fields": {"app_label": "vendors", "model": "vendor"}}, {"model": "contenttypes.contenttype", "pk": 8, "fields": {"app_label": "vendors", "model": "service"}}, {"model": "contenttypes.contenttype", "pk": 9, "fields": {"app_label": "vendors", "model": "document"}}, {"model": "contenttypes.contenttype", "pk": 10, "fields": {"app_label": "vendors", "model": "contact"}}, {"model": "contenttypes.contenttype", "pk": 11, "fields": {"app_label": "vendors", "model": "contract"}}, {"model": "contenttypes.contenttype", "pk": 12, "fields": {"app_label": "users", "model": "department"}}, {"model": "contenttypes.contenttype", "pk": 13, "fields": {"app_label": "users", "model": "unit"}}, {"model": "contenttypes.contenttype", "pk": 14, "fields": {"app_label": "users", "model": "user"}}, {"model": "sessions.session", "pk": "h9inbnrar2vfiii1qyyra4zeekw3bq5d", "fields": {"session_data": ".eJxVjEEOwiAQAP_C2RDAslCP3vsGsrCLVA1NSnsy_l1JetDrzGReIuC-lbA3XsNM4iK0OP2yiOnBtQu6Y70tMi11W-coeyIP2-S0ED-vR_s3KNhK3-LZGpMVMaHT0YHPiawGAMtkR6ezAUQzevpmGoaUB1bobESvlI9JvD_gJTfJ:1uoJzJ:lsLBu82Ln2PiPjjz4Hlm48Xqt5NVkkGD0I8K2pOFgWA", "expire_date": "2025-09-02T10:54:45.198Z"}}, {"model": "sessions.session", "pk": "hs211255jarja8ugbxu6b9qu8v3y1nrg", "fields": {"session_data": ".eJxVjEEOwiAQRe_C2hCm0zLg0r1nIDADtmpoUtqV8e7apAvd_vfef6kQt3UMW8tLmESdFajT75YiP3Ldgdxjvc2a57ouU9K7og_a9HWW_Lwc7t_BGNv4rbOjBB6tFFfYAmbfdQCR0LjskbknMmJl8IlsXxzhwFJMDwMysQGr3h_RLTcl:1u4iPJ:G8EtjmCQsWLfk7jHZNGTMUzFkJb_iUQUn6QY3Sp0o4A", "expire_date": "2025-04-29T15:41:05.995Z"}}, {"model": "sessions.session", "pk": "rkbgb1vxi3u4yckwiyd771ea6n6m1mj4", "fields": {"session_data": ".eJxVjEEOwiAQRe_C2hCm0zLg0r1nIDADtmpoUtqV8e7apAvd_vfef6kQt3UMW8tLmESdFajT75YiP3Ldgdxjvc2a57ouU9K7og_a9HWW_Lwc7t_BGNv4rbOjBB6tFFfYAmbfdQCR0LjskbknMmJl8IlsXxzhwFJMDwMysQGr3h_RLTcl:1uAlU6:iwZtcMREQDUriL6c_sIDM_D5TK40VpHnKp4WhQoTEXA", "expire_date": "2025-05-16T08:11:02.001Z"}}, {"model": "users.department", "pk": 1, "fields": {"name": "IT", "description": "Information Technology Department", "created_by": null, "created_at": "2025-08-19T10:46:49.602Z", "updated_at": "2025-08-19T10:46:49.602Z"}}, {"model": "users.department", "pk": 2, "fields": {"name": "Marketing", "description": "", "created_by": null, "created_at": "2025-08-19T10:55:43.071Z", "updated_at": "2025-08-19T10:55:43.071Z"}}, {"model": "users.unit", "pk": 1, "fields": {"department": 1, "name": "Service Desk", "created_by": null, "created_at": "2025-08-19T10:46:49.648Z"}}, {"model": "users.unit", "pk": 2, "fields": {"department": 2, "name": "VAS", "created_by": 1, "created_at": "2025-08-19T10:55:54.671Z"}}, {"model": "users.unit", "pk": 3, "fields": {"department": 2, "name": "idd", "created_by": 1, "created_at": "2025-08-21T09:28:41.798Z"}}, {"model": "users.user", "pk": 1, "fields": {"password": "pbkdf2_sha256$1000000$PDl4ESs2upUd4J6V6cKHst$Kmn7oD9QzndhPxq8tbYJFnGzgc2GQQBBVdd7bjqKm9A=", "last_login": "2025-08-19T10:54:45.189Z", "is_superuser": true, "username": "famous.gyawu", "email": "famous.gyawu@ppl.net", "first_name": "famous", "last_name": "gyawu", "phone_number": null, "department": 1, "unit": 1, "is_active": true, "is_staff": true, "date_joined": "2025-08-19T10:53:04.902Z", "groups": [], "user_permissions": []}}, {"model": "users.user", "pk": 2, "fields": {"password": "pbkdf2_sha256$1000000$3YbPsmtWTAkdtcZiAjcIND$IwlbIHjoMq6I3/J1CBldgBmPhQAaIhU4qO307kSDVyQ=", "last_login": null, "is_superuser": false, "username": "isaac.essoun", "email": "isaac.essoun@ppl.net", "first_name": "isaac", "last_name": "essoun", "phone_number": "0264963137", "department": 2, "unit": 2, "is_active": true, "is_staff": false, "date_joined": "2025-08-19T10:57:16.276Z", "groups": [], "user_permissions": []}}, {"model": "users.user", "pk": 3, "fields": {"password": "pbkdf2_sha256$1000000$EZTF2gkucSzD7D2Eg77Wdl$mHGCsUr5mkagcw1zilWQQzVmMeSxW4bCTP6urJouiRY=", "last_login": null, "is_superuser": false, "username": "aziza.yunus", "email": "aziza.yunus@ppl.net", "first_name": "aziza", "last_name": "yunus", "phone_number": "0243185973", "department": 2, "unit": 3, "is_active": true, "is_staff": false, "date_joined": "2025-08-21T09:29:31.066Z", "groups": [], "user_permissions": []}}, {"model": "vendors.vendor", "pk": 23, "fields": {"name": "Kunim Global Limited", "description": "This is a vendor under the Tripartite agreement through TIMWE", "emails": "gsarsah@kunimglobal.com,ketewa@kunimglobal.com", "created_by": null, "unit": 2}}, {"model": "vendors.vendor", "pk": 24, "fields": {"name": "Milvik Ghana Limited (BIMA)", "description": "Milvik Ghana Limited is an aggregator and so has direct access to the CBS for Billing. Milvik was formerly Known as BIMA and are responsible for insurance.", "emails": "Sosthenes.konutsey@milvik.se", "created_by": null, "unit": 2}}, {"model": "vendors.vendor", "pk": 25, "fields": {"name": "Krishil7 Communication and Services Limited", "description": "This is a vendor under the Tripartite agreement through TIMWE", "emails": "ram.suggula@krishil7.com", "created_by": null, "unit": 2}}, {"model": "vendors.vendor", "pk": 26, "fields": {"name": "Neugen Consult Limited", "description": "This is a vendor under the Tripartite agreement through TIMWE", "emails": "neugenconsult@gmail.com", "created_by": null, "unit": 2}}, {"model": "vendors.vendor", "pk": 27, "fields": {"name": "Orion Digital Limited", "description": "This is a vendor under the Tripartite agreement through TIMWE", "emails": "Ashutosh.mishra@oriondig.com", "created_by": null, "unit": 2}}, {"model": "vendors.vendor", "pk": 28, "fields": {"name": "Ozoka Digital Limited", "description": "This is a vendor under the Tripartite agreement through TIMWE", "emails": "Deepika.singh@ozoka.in", "created_by": null, "unit": 2}}, {"model": "vendors.vendor", "pk": 29, "fields": {"name": "Ujerniz Limited", "description": "This is a vendor under the Tripartite agreement through TIMWE", "emails": "nana.akoto@ujerniz.com", "created_by": null, "unit": 2}}, {"model": "vendors.vendor", "pk": 30, "fields": {"name": "Nouveau Riche Media Technologies Ghana Limited", "description": "This is a vendor under the Tripartite agreement through TIMWE", "emails": "David.iwarue@nouveaurichmedia.com", "created_by": null, "unit": 2}}, {"model": "vendors.vendor", "pk": 34, "fields": {"name": "Quick SMS Ghana Limited", "description": "This is a vendor under the Tripartite agreement through TIMWE", "emails": "eric.amoako@antcellular.com", "created_by": null, "unit": 2}}, {"model": "vendors.vendor", "pk": 35, "fields": {"name": "Sunych Integrated Services Limited", "description": "This is a vendor under the Tripartite agreement through TIMWE", "emails": "eric.amoako@antcellular.com", "created_by": null, "unit": 2}}, {"model": "vendors.vendor", "pk": 36, "fields": {"name": "Techops Africa Limited", "description": "This is a vendor under the Tripartite agreement through TIMWE", "emails": "info@techopsafrica.com", "created_by": null, "unit": 2}}, {"model": "vendors.vendor", "pk": 37, "fields": {"name": "Tech-Valley Information Technology Limited", "description": "This is a vendor under the Tripartite agreement through TIMWE", "emails": "info@techopsafrica.com", "created_by": null, "unit": 2}}, {"model": "vendors.vendor", "pk": 38, "fields": {"name": "Zuri Solutions Limited", "description": "This is a vendor under the Tripartite agreement through TIMWE", "emails": "conceptor@zuri.health", "created_by": 2, "unit": 2}}, {"model": "vendors.vendor", "pk": 39, "fields": {"name": "idd vendor 1", "description": "Milvik Ghana Limited is an aggregator and so has direct access to the CBS for Billing.", "emails": "Sosthenes.konutsey@milvik.se", "created_by": 3, "unit": 3}}, {"model": "vendors.contract", "pk": "CTR-IDD-VENDOR-1", "fields": {"vendor": 39, "contract_start_date": "2025-08-21", "contract_expiry_date": "2025-08-21", "contract_currency": "USD", "contract_terms": "At the end of March 2026, the revenue sharing agreement will change to 68.5% in favour of BIMA."}}, {"model": "vendors.contract", "pk": "CTR-KRISHIL7-COMMUNICATION-AND-SERVICES-LIMITED", "fields": {"vendor": 25, "contract_start_date": "2025-01-02", "contract_expiry_date": "2027-01-01", "contract_currency": "GHS", "contract_terms": "There are no extra terms."}}, {"model": "vendors.contract", "pk": "CTR-KUNIM-GLOBAL-LIMITED", "fields": {"vendor": 23, "contract_start_date": "2024-03-01", "contract_expiry_date": "2025-06-10", "contract_currency": "GHS", "contract_terms": "There are no extra terms."}}, {"model": "vendors.contract", "pk": "CTR-MILVIK-GHANA-LIMITED-BIMA", "fields": {"vendor": 24, "contract_start_date": "2025-01-01", "contract_expiry_date": "2025-12-31", "contract_currency": "GHS", "contract_terms": "At the end of March 2026, the revenue sharing agreement will change to 68.5% in favour of BIMA."}}, {"model": "vendors.contract", "pk": "CTR-NEUGEN-CONSULT-LIMITED", "fields": {"vendor": 26, "contract_start_date": "2025-02-01", "contract_expiry_date": "2027-01-31", "contract_currency": "GHS", "contract_terms": "There are no extra terms."}}, {"model": "vendors.contract", "pk": "CTR-NOUVEAU-RICHE-MEDIA-TECHNOLOGIES-GHANA-LIMITED", "fields": {"vendor": 30, "contract_start_date": "2024-11-01", "contract_expiry_date": "2026-10-31", "contract_currency": "GHS", "contract_terms": "There are no extra terms."}}, {"model": "vendors.contract", "pk": "CTR-ORION-DIGITAL-LIMITED", "fields": {"vendor": 27, "contract_start_date": "2024-11-01", "contract_expiry_date": "2027-01-31", "contract_currency": "GHS", "contract_terms": "There are no extra terms."}}, {"model": "vendors.contract", "pk": "CTR-OZOKA-DIGITAL-LIMITED", "fields": {"vendor": 28, "contract_start_date": "2025-01-31", "contract_expiry_date": "2027-01-30", "contract_currency": "GHS", "contract_terms": "There are no extra terms."}}, {"model": "vendors.contract", "pk": "CTR-QUICK-SMS-GHANA-LIMITED", "fields": {"vendor": 34, "contract_start_date": "2024-06-08", "contract_expiry_date": "2026-06-06", "contract_currency": "GHS", "contract_terms": "There are no extra terms."}}, {"model": "vendors.contract", "pk": "CTR-SUNYCH-INTEGRATED-SERVICES-LIMITED", "fields": {"vendor": 35, "contract_start_date": "2024-06-28", "contract_expiry_date": "2026-06-27", "contract_currency": "GHS", "contract_terms": "There are no extra terms."}}, {"model": "vendors.contract", "pk": "CTR-TECH-VALLEY-INFORMATION-TECHNOLOGY-LIMITED", "fields": {"vendor": 37, "contract_start_date": "2024-07-08", "contract_expiry_date": "2026-07-07", "contract_currency": "GHS", "contract_terms": "There are no extra terms."}}, {"model": "vendors.contract", "pk": "CTR-TECHOPS-AFRICA-LIMITED", "fields": {"vendor": 36, "contract_start_date": "2024-08-13", "contract_expiry_date": "2026-08-12", "contract_currency": "GHS", "contract_terms": "There are no extra terms."}}, {"model": "vendors.contract", "pk": "CTR-UJERNIZ-LIMITED", "fields": {"vendor": 29, "contract_start_date": "2025-01-02", "contract_expiry_date": "2027-01-01", "contract_currency": "GHS", "contract_terms": "There are no extra terms."}}, {"model": "vendors.contract", "pk": "CTR-ZURI-SOLUTIONS-LIMITED", "fields": {"vendor": 38, "contract_start_date": "2024-08-26", "contract_expiry_date": "2026-08-25", "contract_currency": "GHS", "contract_terms": "Standard Vendor contract"}}, {"model": "vendors.service", "pk": 31, "fields": {"vendor": 23, "name": "playzone", "shortcode": "3321", "revenue_share": "40.00"}}, {"model": "vendors.service", "pk": 32, "fields": {"vendor": 23, "name": "edification", "shortcode": "3321", "revenue_share": "40.00"}}, {"model": "vendors.service", "pk": 33, "fields": {"vendor": 23, "name": "digital services", "shortcode": "6543", "revenue_share": "40.00"}}, {"model": "vendors.service", "pk": 34, "fields": {"vendor": 24, "name": "Insurance", "shortcode": "*550#", "revenue_share": "77.50"}}, {"model": "vendors.service", "pk": 35, "fields": {"vendor": 25, "name": "Afriqagames", "shortcode": "214", "revenue_share": "30.00"}}, {"model": "vendors.service", "pk": 36, "fields": {"vendor": 25, "name": "Game o Mania", "shortcode": "375", "revenue_share": "30.00"}}, {"model": "vendors.service", "pk": 37, "fields": {"vendor": 25, "name": "Afriqabiz", "shortcode": "214", "revenue_share": "30.00"}}, {"model": "vendors.service", "pk": 38, "fields": {"vendor": 25, "name": "Toonflix", "shortcode": "214", "revenue_share": "30.00"}}, {"model": "vendors.service", "pk": 39, "fields": {"vendor": 25, "name": "Africa Got Talent", "shortcode": "214", "revenue_share": "30.00"}}, {"model": "vendors.service", "pk": 40, "fields": {"vendor": 26, "name": "DIVA AI", "shortcode": "3545", "revenue_share": "30.00"}}, {"model": "vendors.service", "pk": 41, "fields": {"vendor": 27, "name": "Digital Cinem", "shortcode": "1040", "revenue_share": "30.00"}}, {"model": "vendors.service", "pk": 42, "fields": {"vendor": 27, "name": "Games Portal", "shortcode": "1040", "revenue_share": "30.00"}}, {"model": "vendors.service", "pk": 43, "fields": {"vendor": 27, "name": "Gsports DAILY", "shortcode": "1040", "revenue_share": "30.00"}}, {"model": "vendors.service", "pk": 44, "fields": {"vendor": 27, "name": "For Comedy an", "shortcode": "4140", "revenue_share": "30.00"}}, {"model": "vendors.service", "pk": 45, "fields": {"vendor": 27, "name": "For Live TV D", "shortcode": "4141", "revenue_share": "30.00"}}, {"model": "vendors.service", "pk": 46, "fields": {"vendor": 27, "name": "Yoga Portal D", "shortcode": "4142", "revenue_share": "30.00"}}, {"model": "vendors.service", "pk": 47, "fields": {"vendor": 27, "name": "For Bible Con", "shortcode": "6162", "revenue_share": "30.00"}}, {"model": "vendors.service", "pk": 48, "fields": {"vendor": 27, "name": "For Idioms Co", "shortcode": "6163", "revenue_share": "30.00"}}, {"model": "vendors.service", "pk": 49, "fields": {"vendor": 27, "name": "For Motivatio", "shortcode": "6164", "revenue_share": "30.00"}}, {"model": "vendors.service", "pk": 50, "fields": {"vendor": 27, "name": "For Prayer Co", "shortcode": "6165", "revenue_share": "30.00"}}, {"model": "vendors.service", "pk": 51, "fields": {"vendor": 28, "name": "TeeAI", "shortcode": "2031", "revenue_share": "30.00"}}, {"model": "vendors.service", "pk": 52, "fields": {"vendor": 28, "name": "Tee Edu Tech 30", "shortcode": "2032", "revenue_share": "30.00"}}, {"model": "vendors.service", "pk": 53, "fields": {"vendor": 29, "name": "Fantasy sports", "shortcode": "###", "revenue_share": "40.00"}}, {"model": "vendors.service", "pk": 54, "fields": {"vendor": 30, "name": "Get Your Hands Dirty: The Agriculture Business", "shortcode": "9555", "revenue_share": "30.00"}}, {"model": "vendors.service", "pk": 55, "fields": {"vendor": 30, "name": "Urban Farming 101", "shortcode": "9555", "revenue_share": "30.00"}}, {"model": "vendors.service", "pk": 56, "fields": {"vendor": 30, "name": "Millenial Farmer: Urban Farming as a business", "shortcode": "9555", "revenue_share": "30.00"}}, {"model": "vendors.service", "pk": 57, "fields": {"vendor": 30, "name": "Building a Small-Scale Food Business", "shortcode": "9555", "revenue_share": "30.00"}}, {"model": "vendors.service", "pk": 60, "fields": {"vendor": 34, "name": "Sports club", "shortcode": "7071", "revenue_share": "30.00"}}, {"model": "vendors.service", "pk": 61, "fields": {"vendor": 34, "name": "Games", "shortcode": "947", "revenue_share": "30.00"}}, {"model": "vendors.service", "pk": 62, "fields": {"vendor": 34, "name": "Health tips", "shortcode": "947", "revenue_share": "30.00"}}, {"model": "vendors.service", "pk": 63, "fields": {"vendor": 34, "name": "Joy Learning", "shortcode": "947", "revenue_share": "30.00"}}, {"model": "vendors.service", "pk": 64, "fields": {"vendor": 34, "name": "Lifestyle", "shortcode": "947", "revenue_share": "30.00"}}, {"model": "vendors.service", "pk": 65, "fields": {"vendor": 34, "name": "Sports news", "shortcode": "947", "revenue_share": "30.00"}}, {"model": "vendors.service", "pk": 66, "fields": {"vendor": 34, "name": "Who wants to be rich", "shortcode": "947", "revenue_share": "30.00"}}, {"model": "vendors.service", "pk": 67, "fields": {"vendor": 35, "name": "Hardy Games", "shortcode": "4035", "revenue_share": "30.00"}}, {"model": "vendors.service", "pk": 68, "fields": {"vendor": 36, "name": "Game24pro", "shortcode": "####", "revenue_share": "30.00"}}, {"model": "vendors.service", "pk": 69, "fields": {"vendor": 37, "name": "All services", "shortcode": "####", "revenue_share": "30.00"}}, {"model": "vendors.service", "pk": 70, "fields": {"vendor": 38, "name": "AT Zuri Health", "shortcode": "568", "revenue_share": "40.00"}}, {"model": "vendors.service", "pk": 71, "fields": {"vendor": 39, "name": "Insurance", "shortcode": "*550#", "revenue_share": "77.50"}}, {"model": "vendors.contact", "pk": 24, "fields": {"vendor": 23, "name": "Gideon Kyemanu Sarsah", "phone_numbers": "0244224028", "email": "gsarsah@kunimglobal.com"}}, {"model": "vendors.contact", "pk": 25, "fields": {"vendor": 23, "name": "Nana Yaw Ketewa Boateng", "phone_numbers": "0244304926", "email": "ketewa@kunimglobal.com"}}, {"model": "vendors.contact", "pk": 26, "fields": {"vendor": 24, "name": "Sosthenes Kwame Konutsey", "phone_numbers": "###", "email": "Sosthenes.konutsey@milvik.se"}}, {"model": "vendors.contact", "pk": 27, "fields": {"vendor": 25, "name": "Nana Kwadwo Owusu-Boadu", "phone_numbers": "0244289652", "email": "nana.kwadwo@krishil7.com"}}, {"model": "vendors.contact", "pk": 28, "fields": {"vendor": 25, "name": "Ram Suggula", "phone_numbers": "###", "email": "ram.suggula@krishil7.com"}}, {"model": "vendors.contact", "pk": 29, "fields": {"vendor": 26, "name": "Emmanuel Ofori Darko", "phone_numbers": "0209114964 / 0244664528", "email": "eoforidarko@gmail.com"}}, {"model": "vendors.contact", "pk": 30, "fields": {"vendor": 27, "name": "Ashutosh Mishra", "phone_numbers": "0545573405", "email": "Ashutosh.mishra@oriondig.com"}}, {"model": "vendors.contact", "pk": 31, "fields": {"vendor": 28, "name": "Deepika Singh", "phone_numbers": "+918 840610144", "email": "Deepika.singh@ozoka.in"}}, {"model": "vendors.contact", "pk": 32, "fields": {"vendor": 29, "name": "Nana Akoto Agyapong", "phone_numbers": "0558124295", "email": "nana.akoto@ujerniz.com"}}, {"model": "vendors.contact", "pk": 33, "fields": {"vendor": 30, "name": "David Iwarue", "phone_numbers": "+243 7036338916", "email": "David.iwarue@nouveaurichmedia.com"}}, {"model": "vendors.contact", "pk": 36, "fields": {"vendor": 34, "name": "Prince Bruce-Otoo", "phone_numbers": "024 413 4220", "email": "princebruceotoo@gmail.com"}}, {"model": "vendors.contact", "pk": 37, "fields": {"vendor": 35, "name": "Sunday Odohofre", "phone_numbers": "###", "email": "sundayo@sunychintegratedservice.com"}}, {"model": "vendors.contact", "pk": 38, "fields": {"vendor": 36, "name": "Samuel Kofi Blay", "phone_numbers": "027 755 30##", "email": "samuel@techopsafrica.com"}}, {"model": "vendors.contact", "pk": 39, "fields": {"vendor": 37, "name": "Freduah", "phone_numbers": "024 519 3710", "email": "freduah@techvalleygh.net"}}, {"model": "vendors.contact", "pk": 40, "fields": {"vendor": 38, "name": "Ikechukwu Arthur Anoke", "phone_numbers": "+245 71 368 2930", "email": "ikechukwu@zuri.health"}}, {"model": "vendors.contact", "pk": 41, "fields": {"vendor": 39, "name": "Sosthenes Kwame Konutsey", "phone_numbers": "###", "email": "Sosthenes.konutsey@milvik.se"}}, {"model": "vendors.document", "pk": 17, "fields": {"vendor": 23, "file": "vendor_documents/Kunim_Contract.pdf", "uploaded_at": "2025-05-29T14:30:10.231Z"}}, {"model": "vendors.document", "pk": 18, "fields": {"vendor": 24, "file": "vendor_documents/BIMA_Contract_PPL_complete_contract_1.pdf", "uploaded_at": "2025-05-29T14:45:22.088Z"}}, {"model": "vendors.document", "pk": 19, "fields": {"vendor": 25, "file": "vendor_documents/Krishil7_contract_PPL.pdf", "uploaded_at": "2025-05-29T14:56:16.959Z"}}, {"model": "vendors.document", "pk": 20, "fields": {"vendor": 26, "file": "vendor_documents/NEUGEN_CONSULT_complete_contract_cafN3uf.pdf", "uploaded_at": "2025-05-29T14:59:58.867Z"}}, {"model": "vendors.document", "pk": 21, "fields": {"vendor": 27, "file": "vendor_documents/Orion_Digital_PPL_COMPLETE_CONTRACT_lfPWJ5x.pdf", "uploaded_at": "2025-05-29T15:09:12.269Z"}}, {"model": "vendors.document", "pk": 22, "fields": {"vendor": 28, "file": "vendor_documents/ozoka_contract_complete_2025.pdf", "uploaded_at": "2025-05-29T15:27:13.424Z"}}, {"model": "vendors.document", "pk": 23, "fields": {"vendor": 29, "file": "vendor_documents/UJERNIZ_PPLnet_complete_contract_1.pdf", "uploaded_at": "2025-05-29T15:30:50.525Z"}}, {"model": "vendors.document", "pk": 24, "fields": {"vendor": 30, "file": "vendor_documents/TRIPARTITE_SERVICE_AGREEMENT_NRMTGH_PPLNETGHANA_Countersigned.pdf", "uploaded_at": "2025-05-29T15:35:50.774Z"}}, {"model": "vendors.document", "pk": 25, "fields": {"vendor": 37, "file": "vendor_documents/Techvalley.pdf", "uploaded_at": "2025-05-30T11:06:40.649Z"}}, {"model": "vendors.document", "pk": 26, "fields": {"vendor": 36, "file": "vendor_documents/Techops.pdf", "uploaded_at": "2025-05-30T11:06:54.137Z"}}, {"model": "vendors.document", "pk": 27, "fields": {"vendor": 35, "file": "vendor_documents/Sunych.pdf", "uploaded_at": "2025-05-30T11:07:28.632Z"}}, {"model": "vendors.document", "pk": 28, "fields": {"vendor": 34, "file": "vendor_documents/Quicksms.pdf", "uploaded_at": "2025-05-30T11:07:45.404Z"}}, {"model": "vendors.document", "pk": 29, "fields": {"vendor": 38, "file": "vendor_documents/Zuri_Signed.pdf", "uploaded_at": "2025-06-10T07:31:08.151Z"}}, {"model": "vendors.document", "pk": 30, "fields": {"vendor": 39, "file": "vendor_documents/IKOE_CV.pdf", "uploaded_at": "2025-08-21T09:30:58.524Z"}}]